2020-04-12 03:37:31,RizkyD14,"Hai! Buat kalian yg lagi gabisa kemana mana .. yg harus #dirumahaja.
Aku jualan cemilam ni, jualan pempek palembangâ€¦ https://t.co/59ZW2l6WhP"
2020-04-12 03:37:24,Awqi_Gibran,"@PosIndonesia min, nanya dnk. saya pesan paket kilat khusus dari tanggal 7 (bandung-pekanbaru) ko belum sampe juga yah? No. resi 17369269955"
2020-04-12 03:37:21,uniporndigidaw_,@mlzdisuspen @baksokeringg @dlwlrza Meet n greet artis bandung
2020-04-12 03:37:11,NCTWAYV298,"RT @127_tea: ğŸ“ˆ Top 10 Cities listening to NCT 127 on Youtube in the past week

#1 Bangkok
#2 Jakarta
#3 Seoul
#4 Surabaya
#5 Kuala Lumpur
#â€¦"
2020-04-12 03:37:04,PolsekPaseh,Personil Polsek Paseh Polresta Bandung melakukan kegiatan patroli malam hari antisipasi rawan C3 disekitar ATM BRIâ€¦ https://t.co/0bkKhAhJzy
2020-04-12 03:36:49,fikri_arif,"@SanBassMedia if the club persib bandung to qualify for the final,the number of votters in each round is always the most"
2020-04-12 03:36:39,imammkamal,"RT @Yusrilihza_Mhd: Telah berpulang ke Rahmatullah Dr Soekoetjo Soerodiwirjo, Sp.Rad di RS Hasan Sadikin Bandung, Jumâ€™at kemarin. Makin harâ€¦"
2020-04-12 03:36:36,vvip_neraka,@mihakun_ guenya ga di bandung yw
2020-04-12 03:36:31,aliysariiri,"RT @_ILABULOO__: ğŸ’¢ï¼¢ï½ï½ï½‹ï½‰ï½ï½‡ ï¼®ï½ï½— !!ğŸ’¢

ID. @aliysariiri
      @amoraririi

Base Bandung || Dm_MentionğŸ’Œ
â˜ï¸ 0853.1626.3324
Expo cek bio !! https:â€¦"
